--INSERTS
--SHIP
INSERT INTO SHIP (MMSI, IMO, CALLSIGN, VESSEL_TYPE, NAME, CAPACITY, DRAFT, WIDTH, LENGTH ,NUM_GENERATORS)
VALUES ('128456780', 'NKNIUTR', '10145', '1', 'SHIP', '20','1,20', '50', '30', '2');

INSERT INTO SHIP (MMSI, IMO, CALLSIGN, VESSEL_TYPE, NAME, CAPACITY, DRAFT, WIDTH, LENGTH ,NUM_GENERATORS)
VALUES ('345978972', 'NKNIUOI', '64048', '1', 'SHIP', '20','1,20', '50', '30', '2');

INSERT INTO SHIP (MMSI, IMO, CALLSIGN, VESSEL_TYPE, NAME, CAPACITY, DRAFT, WIDTH, LENGTH ,NUM_GENERATORS)
VALUES ('345978901', 'HFNIHHI', '64148', '1', 'SHIP', '20','1,20', '50', '30', '2');

INSERT INTO SHIP (MMSI, IMO, CALLSIGN, VESSEL_TYPE, NAME, CAPACITY, DRAFT, WIDTH, LENGTH ,NUM_GENERATORS)
VALUES ('345678902', 'NKNIUJJ', '64848', '1', 'SHIP', '20','1,20', '50', '30', '2');

--UPDATE
--UPDATE SHIP SET NUM_GENERATORS = '4' WHERE MMSI = '345978972';

--SELECT * FROM SHIP WHERE MMSI ='345978972';

--CONTINENT
INSERT INTO CONTINENT(CONTINENT)
VALUES('EUROPE');

INSERT INTO CONTINENT(CONTINENT)
VALUES('ASIA');

--POSITION
INSERT INTO POSITION(POSITION_ID, LATITUDE, LONGITUDE)
VALUES('23445', '39,55','-107,85');

INSERT INTO POSITION(POSITION_ID, LATITUDE, LONGITUDE)
VALUES('23490', '36,00','138,00');

INSERT INTO POSITION(POSITION_ID, LATITUDE, LONGITUDE)
VALUES('23456', '36,00','138,00');

INSERT INTO POSITION(POSITION_ID, LATITUDE, LONGITUDE)
VALUES('12345', '36,00','138,00');

--COUNTRY
INSERT INTO COUNTRY( CONTINENT,ALPHA2CODE,ALPHA3CODE,COUNTRY,POPULATION,CAPITAL,LAT,LON)
VALUES('EUROPE','CY','CYP','CYPRUS','0,85','NICOSIA','35,16666667','33,366667');

INSERT INTO COUNTRY( CONTINENT,ALPHA2CODE,ALPHA3CODE,COUNTRY,POPULATION,CAPITAL,LAT,LON)
VALUES('AMERICA','US','USA','UNITED SATATES','331','WASHINGTON','38,89511','-77,03637');

--TRIP
INSERT INTO TRIP(TRIP_ID, DEPARTURE, ARRIVAL, DEPARTURE_DATE, ARRIVAL_DATE )
VALUES('4567897678', 'LISBOA', 'PORTO', '2020-12-09', '2020-12-16');

INSERT INTO TRIP(TRIP_ID, DEPARTURE, ARRIVAL, DEPARTURE_DATE, ARRIVAL_DATE)
VALUES('4514897008', 'LEIXOES', 'CASCAIS', '2020-12-01', '2020-12-22');

INSERT INTO TRIP(TRIP_ID, DEPARTURE, ARRIVAL, DEPARTURE_DATE, ARRIVAL_DATE)
VALUES('4514897890', 'ALBUFEIRA', 'CASCAIS', '2020-10-01', '2020-11-09');

INSERT INTO TRIP(TRIP_ID, DEPARTURE, ARRIVAL, DEPARTURE_DATE, ARRIVAL_DATE)
VALUES('4514897980', 'LISBOA', 'ALBUFEIRA', '2020-11-10', '2020-11-24');

--STOPS
INSERT INTO STOPS(STOPS_NAME, TRIP_ID)
VALUES ('CASCAIS','4567897678');

INSERT INTO STOPS(STOPS_NAME, TRIP_ID)
VALUES ('SINTRA','4514897008');

INSERT INTO STOPS(STOPS_NAME, TRIP_ID)
VALUES ('STO. ANT.','4514897890');

INSERT INTO STOPS(STOPS_NAME, TRIP_ID)
VALUES ('SETUBAL','4514897980');

--CARGO_MANIFEST
INSERT INTO CARGO_MANIFEST(CARGO_MANIFEST_ID, GROSS_WEIGHT,MANIFEST_DATE, TYPE, MMSI, STOPS_NAME )
VALUES('345502', '5','2020-01-01', 'Loaded','128456780', 'CASCAIS');

INSERT INTO CARGO_MANIFEST(CARGO_MANIFEST_ID, GROSS_WEIGHT,MANIFEST_DATE, TYPE, MMSI, STOPS_NAME)
VALUES('345651', '9','2020-01-02', 'Offloaded', '345978972', 'SINTRA');

INSERT INTO CARGO_MANIFEST(CARGO_MANIFEST_ID, GROSS_WEIGHT,MANIFEST_DATE, TYPE, MMSI, STOPS_NAME)
VALUES('345678', '9','2020-06-06', 'Offloaded', '345978901', 'STO. ANT.');

INSERT INTO CARGO_MANIFEST(CARGO_MANIFEST_ID, GROSS_WEIGHT,MANIFEST_DATE, TYPE, MMSI, STOPS_NAME)
VALUES('345654', '9','2020-09-02', 'Loaded', '345678902', 'SETUBAL');

--UPDATE
--UPDATE CARGO_MANIFEST SET GROSS_WEIGHT = '7' WHERE CARGO_MANIFEST_ID ='345502';
--
--SELECT * FROM CARGO_MANIFEST WHERE CARGO_MANIFEST_ID ='345502';

--LOCATION
INSERT INTO LOCATION(LOCATION_ID, NAME, POSITION_ID, CONTINENT, COUNTRY, TYPE, TRIP_ID)
VALUES('PORTLEIXOES', 'LIVERPOOL','23445', 'EUROPE', 'PORTUGAL', 'PORT', '4567897678');

INSERT INTO LOCATION(LOCATION_ID, NAME, POSITION_ID, CONTINENT, COUNTRY, TYPE, TRIP_ID)
VALUES('PORTMATOSINHOS', 'SALVADOR','23490', 'ASIA', 'JAPAO', 'WAREHOUSE', '4514897008');

INSERT INTO LOCATION(LOCATION_ID, NAME, POSITION_ID, CONTINENT, COUNTRY, TYPE, TRIP_ID)
VALUES('PORTALBUFEIRA', 'ALBUFAS','23456', 'EUROPE', 'PORTUGAL', 'TRUCK', '4514897890');

INSERT INTO LOCATION(LOCATION_ID, NAME, POSITION_ID, CONTINENT, COUNTRY, TYPE, TRIP_ID)
VALUES('PORTLISBOA', 'LISBOA','12345', 'EUROPE', 'PORTUGAL', 'SHIP', '4514897980');

--TRUCK
INSERT INTO TRUCK(TRUCK_ID, LICENSE_PLATE,NAME )
VALUES('23412', '456778','TRUCK');

INSERT INTO TRUCK(TRUCK_ID, LICENSE_PLATE,NAME )
VALUES('23423', '887909','TRUCK');

INSERT INTO TRUCK(TRUCK_ID, LICENSE_PLATE,NAME )
VALUES('23456', '887912','TRUCK');

INSERT INTO TRUCK(TRUCK_ID, LICENSE_PLATE,NAME )
VALUES('23445', '887913','TRUCK');

--ROLE
INSERT INTO ROLE(ROLE_TYPE )
VALUES('CAPTAIN');

INSERT INTO ROLE(ROLE_TYPE )
VALUES('MANAGER');


--STAFF
INSERT INTO STAFF(STAFF_ID, NAME, CARGO_MANIFEST_ID, LOCATION_ID )
VALUES('2044569', 'RUI', '345502', 'PORTMATOSINHOS' );

INSERT INTO STAFF(STAFF_ID, NAME, CARGO_MANIFEST_ID, LOCATION_ID )
VALUES('2345009', 'TERESA','345651', 'PORTLEIXOES' );

--CLIENT
INSERT INTO CLIENT (CLIENT_ID, NAME)
VALUES('45667', 'NUNO');

INSERT INTO CLIENT (CLIENT_ID, NAME )
VALUES('65707', 'ANA');

INSERT INTO CLIENT (CLIENT_ID, NAME )
VALUES('65789', 'RUI');

INSERT INTO CLIENT (CLIENT_ID, NAME )
VALUES('65678', 'AFONSO');

--USERNAME
INSERT INTO "USER"(USERNAME, PASSWORD, ROLE_TYPE, STAFF_ID, CLIENT_ID )
VALUES('121415NUNO', 'NUNO00', 'CAPTAIN', '2044569', '45667');

INSERT INTO "USER"(USERNAME, PASSWORD, ROLE_TYPE, STAFF_ID, CLIENT_ID )
VALUES('121427ANA', 'ANA00', 'MANAGER', '2345009', '65707');

INSERT INTO "USER"(USERNAME, PASSWORD, ROLE_TYPE, CLIENT_ID )
VALUES('121439', 'RUI90', 'MANAGER','65789' );

INSERT INTO "USER"(USERNAME, PASSWORD, ROLE_TYPE, CLIENT_ID )
VALUES('121567', 'AFONSO00', 'MANAGER', '65678');


--CONTAINER
INSERT INTO CONTAINER(CONTAINER_ID, PAYLOAD, TARE, GROSS, TYPE, ISO_CODE, CLIENT_ID)
VALUES('34550', '4,29', '3,41', '1,90', 'LEASING', '22G1', '45667');

INSERT INTO CONTAINER(CONTAINER_ID, PAYLOAD, TARE, GROSS, TYPE, ISO_CODE, CLIENT_ID)
VALUES('34565', '4,70', '2,50', '3,45', 'LEASING', '45T6', '65707');

INSERT INTO CONTAINER(CONTAINER_ID, PAYLOAD, TARE, GROSS, TYPE, ISO_CODE, CLIENT_ID)
VALUES('34567', '4,70', '2,50', '3,45', 'BOUGHT', '45F2', '65789');

INSERT INTO CONTAINER(CONTAINER_ID, PAYLOAD, TARE, GROSS, TYPE, ISO_CODE, CLIENT_ID)
VALUES('34568', '4,70', '2,50', '3,45', 'BOUGHT', '78T9', '65678');

--UPDATE
--UPDATE CONTAINER SET TARE = '5,90' WHERE CONTAINER_ID ='34550';

--SELECT * FROM CONTAINER WHERE CONTAINER_ID ='34550';

--CLIENT_CONTAINER
INSERT INTO CLIENT_CONTAINER(CLIENT_ID)
VALUES('45667');

INSERT INTO CLIENT_CONTAINER(CLIENT_ID)
VALUES('65707');

--CONTAINER_CARGOMANIFEST
INSERT INTO CONTAINER_CARGO_MANIFEST(CONTAINER_ID, CARGO_MANIFEST_ID, X, Y, Z, UNLOADING_LOCATION)
VALUES('34550', '345502', '1', '2', '3', 'CASCAIS');

INSERT INTO CONTAINER_CARGO_MANIFEST(CONTAINER_ID, CARGO_MANIFEST_ID, X, Y, Z, UNLOADING_LOCATION)
VALUES('34565', '345651', '2', '3' , '1', 'LEIXOES');

INSERT INTO CONTAINER_CARGO_MANIFEST(CONTAINER_ID, CARGO_MANIFEST_ID, X, Y, Z, UNLOADING_LOCATION)
VALUES('34567', '345678', '4', '3' , '1', 'SINTRA');

INSERT INTO CONTAINER_CARGO_MANIFEST(CONTAINER_ID, CARGO_MANIFEST_ID, X, Y, Z, UNLOADING_LOCATION)
VALUES('34568', '345654', '2', '3' , '1', 'LAGOS');

--SHIP_CONTAINER
INSERT INTO SHIP_CONTAINER(CONTAINER_ID, MMSI)
VALUES('34550', '128456780');

INSERT INTO SHIP_CONTAINER(CONTAINER_ID, MMSI )
VALUES('34565', '345978972');

INSERT INTO SHIP_CONTAINER(CONTAINER_ID, MMSI )
VALUES('34567', '345978901');

INSERT INTO SHIP_CONTAINER(CONTAINER_ID, MMSI )
VALUES('34568', '345678902');

--POSITIONAL_MESSAGES
INSERT INTO POSITIONAL_MESSAGES(BASEDATETIME, SOG, COG, HEADING, TRANSCIEVER_CLASS, MMSI, POSITION_ID )
VALUES('2020/12/31', '19,7', '145,5', '147', 'B', '128456780', '23445');

INSERT INTO POSITIONAL_MESSAGES(BASEDATETIME, SOG, COG, HEADING, TRANSCIEVER_CLASS, MMSI, POSITION_ID )
VALUES('2020/12/30', '11,4', '11,9', '119', 'B', '345978972', '23490' );

INSERT INTO POSITIONAL_MESSAGES(BASEDATETIME, SOG, COG, HEADING, TRANSCIEVER_CLASS, MMSI, POSITION_ID )
VALUES('2020/12/29', '13,4', '14,9', '134', 'B', '345978901', '23456' );

INSERT INTO POSITIONAL_MESSAGES(BASEDATETIME, SOG, COG, HEADING, TRANSCIEVER_CLASS, MMSI, POSITION_ID )
VALUES('2020/12/28', '17,4', '111,9', '169', 'B', '345678902', '12345' );

--STAFF_SHIP
INSERT INTO STAFF_SHIP(STAFF_ID, MMSI)
VALUES('2044569', '128456780');

--SEADISTS
INSERT INTO SEADISTS(COUNTRYORIGIN,PORTIDORIGIN, PORTORIGIN, COUNTRYDESTINY, PORTIDDESTINY, PORTDESTINY, SEADISTS)
VALUES('DENMARK', '10358', 'AARHUS', 'TURKEY', '246265', 'AMBARLI', '3673' );

INSERT INTO SEADISTS(COUNTRYORIGIN,PORTIDORIGIN, PORTORIGIN, COUNTRYDESTINY, PORTIDDESTINY, PORTDESTINY, SEADISTS)
VALUES('ALGERIA', '13523', 'ALGIERS', 'MEXICO', '14277', 'MANZANILLO', '6501' );

--BORDERS
INSERT INTO BORDERS(COUNTRYORIGIN, COUNTRYDESTINY)
VALUES('BELIZE', 'MEXICO');

INSERT INTO BORDERS(COUNTRYORIGIN, COUNTRYDESTINY)
VALUES('ARGENTINA', 'BOLIVIA');

--REFRIG
INSERT INTO REFIRG(CONTAINER_ID, TEMPERATURE)
VALUES('34550', '5');

INSERT INTO REFIRG(CONTAINER_ID, TEMPERATURE)
VALUES('34565', '20');


